{
  "$schema": "https://schema.management.azure.com/schemas/2015-01-01/deploymentTemplate.json#",
  "contentVersion": "1.0.0.0",
  "parameters": {
    "vmNamePrefix": {
      "type": "string",
      "defaultValue": "az1000302-vm",
      "metadata": {
        "description": "VM name prefix"
      }
    },
    "nicNamePrefix": {
      "type": "string",
      "defaultValue": "az1000302-nic",
      "metadata": {
        "description": "Nic name prefix"
      }
    },
    "pipNamePrefix": {
      "type": "string",
      "defaultValue": "az1000302-ip",
      "metadata": {
        "description": "Public IP address name prefix"
      }
    },
    "adminUsername": {
      "type": "string",
      "metadata": {
        "description": "Admin username"
      }
    },
    "adminPassword": {
      "type": "securestring",
      "metadata": {
        "description": "Admin password"
      }
    },
    "imagePublisher": {
      "type": "string",
      "defaultValue": "Canonical",
      "metadata": {
        "description": "Image Publisher"
      }
    },
    "imageOffer": {
      "type": "string",
      "defaultValue": "UbuntuServer",
      "metadata": {
        "description": "Image Offer"
      }
    },
    "imageSKU": {
      "type": "string",
      "defaultValue": "16.04.0-LTS",
      "metadata": {
        "description": "Image SKU"
      }
    },
    "vmSize": {
      "type": "string",
      "defaultValue": "Standard_D2s_v3",
      "metadata": {
        "description": "VM size"
      }
    },
    "virtualNetworkName": {
      "type": "string",
      "defaultValue": "az1000301-RG-vnet",
      "metadata": {
        "description": "Virtual network name"
      }
    },
    "virtualNetworkResourceGroup": {
      "type": "string",
      "defaultValue": "az1000301-RG",
      "metadata": {
        "description": "Resource group of the VNet"
      }
    },
    "subnetName": {
      "type": "string",
      "defaultValue": "subnet0",
      "metadata": {
        "description": "Name of the VNet subnet"
      }
    }
  },
  "variables": {
    "availabilitySetName": "az1000302-avset1",
    "vnetID": "[resourceId(parameters('virtualNetworkResourceGroup'), 'Microsoft.Network/virtualNetworks', parameters('virtualNetworkName'))]",
    "subnetRef": "[concat(variables('vnetID'),'/subnets/',parameters ('subnetName'))]",
    "numberOfInstances": 2,
    "networkSecurityGroupName": "az1000302-vm-nsg"
  },
  "resources": [
    {
      "type": "Microsoft.Compute/availabilitySets",
      "name": "[variables('availabilitySetName')]",
      "apiVersion": "2018-06-01",
      "location": "[resourceGroup().location]",
      "sku": {
        "name": "Aligned"
      },
      "properties": {
        "platformFaultDomainCount": "2",
        "platformUpdateDomainCount": "5"
      }
    },
    {
      "name": "[concat(parameters('nicNamePrefix'), copyindex())]",
      "type": "Microsoft.Network/networkInterfaces",
      "apiVersion": "2018-08-01",
      "location": "[resourceGroup().location]",
      "copy": {
        "name": "nicLoop",
        "count": "[variables('numberOfInstances')]"
      },
      "dependsOn": [
        "[concat('Microsoft.Network/networkSecurityGroups/', variables('networkSecurityGroupName'))]",
        "pipLoop"
      ],
      "properties": {
        "ipConfigurations": [
          {
            "name": "ipconfig1",
            "properties": {
              "privateIPAllocationMethod": "Dynamic",
              "publicIpAddress": {
                "id": "[resourceId('Microsoft.Network/publicIpAddresses', concat(parameters('pipNamePrefix'), copyindex()))]"
              },
              "subnet": {
                "id": "[variables('subnetRef')]"
              }
            }
          }
        ],
        "networkSecurityGroup": {
          "id": "[resourceId('Microsoft.Network/networkSecurityGroups', variables('networkSecurityGroupName'))]"
        }
      }
    },
    {
      "name": "[concat(parameters('pipNamePrefix'), copyindex())]",
      "type": "Microsoft.Network/publicIpAddresses",
      "apiVersion": "2018-08-01",
      "location": "[resourceGroup().location]",
      "comments": "Public IP for Primary NIC",
      "copy": {
        "name": "pipLoop",
        "count": "[variables('numberOfInstances')]"
      },
      "properties": {
        "publicIpAllocationMethod": "Dynamic"
      }
    },
    {
      "apiVersion": "2018-06-01",
      "type": "Microsoft.Compute/virtualMachines",
      "name": "[concat(parameters('vmNamePrefix'), copyindex())]",
      "copy": {
        "name": "virtualMachineLoop",
        "count": "[variables('numberOfInstances')]"
      },
      "location": "[resourceGroup().location]",
      "dependsOn": [
        "[concat('Microsoft.Compute/availabilitySets/', variables('availabilitySetName'))]",
        "nicLoop"
      ],
      "properties": {
        "availabilitySet": {
          "id": "[resourceId('Microsoft.Compute/availabilitySets',variables('availabilitySetName'))]"
        },
        "hardwareProfile": {
          "vmSize": "[parameters('vmSize')]"
        },
        "osProfile": {
          "computerName": "[concat(parameters('vmNamePrefix'), copyIndex())]",
          "adminUsername": "[parameters('adminUsername')]",
          "adminPassword": "[parameters('adminPassword')]"
        },
        "storageProfile": {
          "imageReference": {
            "publisher": "[parameters('imagePublisher')]",
            "offer": "[parameters('imageOffer')]",
            "sku": "[parameters('imageSKU')]",
            "version": "latest"
          },
          "osDisk": {
            "createOption": "FromImage"
          }
        },
        "networkProfile": {
          "networkInterfaces": [
            {
              "id": "[resourceId('Microsoft.Network/networkInterfaces',concat(parameters('nicNamePrefix'),copyindex()))]"
            }
          ]
        }
      }
    },
    {
      "name": "[variables('networkSecurityGroupName')]",
      "type": "Microsoft.Network/networkSecurityGroups",
      "apiVersion": "2018-08-01",
      "location": "[resourceGroup().location]",
      "comments": "Network Security Group (NSG) for Primary NIC",
      "properties": {
        "securityRules": [
        ]
      }
    }
  ]
}